[{"model": "auth.permission", "pk": 1, "fields": {"name": "Can add log entry", "content_type": 1, "codename": "add_logentry"}}, {"model": "auth.permission", "pk": 2, "fields": {"name": "Can change log entry", "content_type": 1, "codename": "change_logentry"}}, {"model": "auth.permission", "pk": 3, "fields": {"name": "Can delete log entry", "content_type": 1, "codename": "delete_logentry"}}, {"model": "auth.permission", "pk": 4, "fields": {"name": "Can view log entry", "content_type": 1, "codename": "view_logentry"}}, {"model": "auth.permission", "pk": 5, "fields": {"name": "Can add permission", "content_type": 2, "codename": "add_permission"}}, {"model": "auth.permission", "pk": 6, "fields": {"name": "Can change permission", "content_type": 2, "codename": "change_permission"}}, {"model": "auth.permission", "pk": 7, "fields": {"name": "Can delete permission", "content_type": 2, "codename": "delete_permission"}}, {"model": "auth.permission", "pk": 8, "fields": {"name": "Can view permission", "content_type": 2, "codename": "view_permission"}}, {"model": "auth.permission", "pk": 9, "fields": {"name": "Can add group", "content_type": 3, "codename": "add_group"}}, {"model": "auth.permission", "pk": 10, "fields": {"name": "Can change group", "content_type": 3, "codename": "change_group"}}, {"model": "auth.permission", "pk": 11, "fields": {"name": "Can delete group", "content_type": 3, "codename": "delete_group"}}, {"model": "auth.permission", "pk": 12, "fields": {"name": "Can view group", "content_type": 3, "codename": "view_group"}}, {"model": "auth.permission", "pk": 13, "fields": {"name": "Can add content type", "content_type": 4, "codename": "add_contenttype"}}, {"model": "auth.permission", "pk": 14, "fields": {"name": "Can change content type", "content_type": 4, "codename": "change_contenttype"}}, {"model": "auth.permission", "pk": 15, "fields": {"name": "Can delete content type", "content_type": 4, "codename": "delete_contenttype"}}, {"model": "auth.permission", "pk": 16, "fields": {"name": "Can view content type", "content_type": 4, "codename": "view_contenttype"}}, {"model": "auth.permission", "pk": 17, "fields": {"name": "Can add session", "content_type": 5, "codename": "add_session"}}, {"model": "auth.permission", "pk": 18, "fields": {"name": "Can change session", "content_type": 5, "codename": "change_session"}}, {"model": "auth.permission", "pk": 19, "fields": {"name": "Can delete session", "content_type": 5, "codename": "delete_session"}}, {"model": "auth.permission", "pk": 20, "fields": {"name": "Can view session", "content_type": 5, "codename": "view_session"}}, {"model": "auth.permission", "pk": 21, "fields": {"name": "Can add user", "content_type": 6, "codename": "add_user"}}, {"model": "auth.permission", "pk": 22, "fields": {"name": "Can change user", "content_type": 6, "codename": "change_user"}}, {"model": "auth.permission", "pk": 23, "fields": {"name": "Can delete user", "content_type": 6, "codename": "delete_user"}}, {"model": "auth.permission", "pk": 24, "fields": {"name": "Can view user", "content_type": 6, "codename": "view_user"}}, {"model": "auth.permission", "pk": 25, "fields": {"name": "Can add habit", "content_type": 7, "codename": "add_habit"}}, {"model": "auth.permission", "pk": 26, "fields": {"name": "Can change habit", "content_type": 7, "codename": "change_habit"}}, {"model": "auth.permission", "pk": 27, "fields": {"name": "Can delete habit", "content_type": 7, "codename": "delete_habit"}}, {"model": "auth.permission", "pk": 28, "fields": {"name": "Can view habit", "content_type": 7, "codename": "view_habit"}}, {"model": "auth.permission", "pk": 29, "fields": {"name": "Can add habit streak", "content_type": 8, "codename": "add_habitstreak"}}, {"model": "auth.permission", "pk": 30, "fields": {"name": "Can change habit streak", "content_type": 8, "codename": "change_habitstreak"}}, {"model": "auth.permission", "pk": 31, "fields": {"name": "Can delete habit streak", "content_type": 8, "codename": "delete_habitstreak"}}, {"model": "auth.permission", "pk": 32, "fields": {"name": "Can view habit streak", "content_type": 8, "codename": "view_habitstreak"}}, {"model": "auth.permission", "pk": 33, "fields": {"name": "Can add tracking channel", "content_type": 9, "codename": "add_trackingchannel"}}, {"model": "auth.permission", "pk": 34, "fields": {"name": "Can change tracking channel", "content_type": 9, "codename": "change_trackingchannel"}}, {"model": "auth.permission", "pk": 35, "fields": {"name": "Can delete tracking channel", "content_type": 9, "codename": "delete_trackingchannel"}}, {"model": "auth.permission", "pk": 36, "fields": {"name": "Can view tracking channel", "content_type": 9, "codename": "view_trackingchannel"}}, {"model": "auth.permission", "pk": 37, "fields": {"name": "Can add habit completion", "content_type": 10, "codename": "add_habitcompletion"}}, {"model": "auth.permission", "pk": 38, "fields": {"name": "Can change habit completion", "content_type": 10, "codename": "change_habitcompletion"}}, {"model": "auth.permission", "pk": 39, "fields": {"name": "Can delete habit completion", "content_type": 10, "codename": "delete_habitcompletion"}}, {"model": "auth.permission", "pk": 40, "fields": {"name": "Can view habit completion", "content_type": 10, "codename": "view_habitcompletion"}}, {"model": "contenttypes.contenttype", "pk": 1, "fields": {"app_label": "admin", "model": "logentry"}}, {"model": "contenttypes.contenttype", "pk": 2, "fields": {"app_label": "auth", "model": "permission"}}, {"model": "contenttypes.contenttype", "pk": 3, "fields": {"app_label": "auth", "model": "group"}}, {"model": "contenttypes.contenttype", "pk": 4, "fields": {"app_label": "contenttypes", "model": "contenttype"}}, {"model": "contenttypes.contenttype", "pk": 5, "fields": {"app_label": "sessions", "model": "session"}}, {"model": "contenttypes.contenttype", "pk": 6, "fields": {"app_label": "habit_tracker_app", "model": "user"}}, {"model": "contenttypes.contenttype", "pk": 7, "fields": {"app_label": "habit_tracker_app", "model": "habit"}}, {"model": "contenttypes.contenttype", "pk": 8, "fields": {"app_label": "habit_tracker_app", "model": "habitstreak"}}, {"model": "contenttypes.contenttype", "pk": 9, "fields": {"app_label": "habit_tracker_app", "model": "trackingchannel"}}, {"model": "contenttypes.contenttype", "pk": 10, "fields": {"app_label": "habit_tracker_app", "model": "habitcompletion"}}, {"model": "habit_tracker_app.user", "pk": "00000000-0000-0000-039f-cc9c80000000", "fields": {"password": "pbkdf2_sha256$870000$GyRQA9PkQgm6i5PhzaT5mJ$ohE+6ikCi7CcKWD7kJ+dig3fJ8b7jjeLu8J3SZKBDcY=", "last_login": null, "is_superuser": false, "username": "emir.9948", "first_name": "", "last_name": "", "email": "", "is_staff": false, "is_active": true, "date_joined": "2024-10-10T18:11:09.554Z", "groups": [], "user_permissions": []}}, {"model": "habit_tracker_app.user", "pk": "00000000-0000-0000-0593-737528c20000", "fields": {"password": "pbkdf2_sha256$870000$sUkQ13oGmqiZVNGJYpJtzA$cN4Qyzl/vHbMc9Q079Cp3Sr+nwkAvYbPQtd3eyqP+zY=", "last_login": null, "is_superuser": false, "username": "fazger", "first_name": "", "last_name": "", "email": "", "is_staff": false, "is_active": true, "date_joined": "2024-10-10T18:11:11.763Z", "groups": [], "user_permissions": []}}, {"model": "habit_tracker_app.user", "pk": "00000000-0000-0000-0673-45d8e7040001", "fields": {"password": "pbkdf2_sha256$870000$OSwTzcAXmT7V1sMJaY2OLV$VDc3GD5+FHq+np9pkdxGbULMYETAqILJDxeZSTShxsI=", "last_login": null, "is_superuser": false, "username": "serhat7379", "first_name": "", "last_name": "", "email": "", "is_staff": false, "is_active": true, "date_joined": "2024-10-10T18:11:13.108Z", "groups": [], "user_permissions": []}}, {"model": "habit_tracker_app.user", "pk": "00000000-0000-0000-0844-1920bfc00020", "fields": {"password": "pbkdf2_sha256$870000$M8l6PFqf06ZvzmgugzC4Ki$Hr9SpTe/GHUnETqcNTOe+nV+D4w7LhZtGJQ9Ow5xEPY=", "last_login": null, "is_superuser": false, "username": "wixners", "first_name": "", "last_name": "", "email": "", "is_staff": false, "is_active": true, "date_joined": "2024-10-10T18:11:12.662Z", "groups": [], "user_permissions": []}}, {"model": "habit_tracker_app.user", "pk": "00000000-0000-0000-0969-586fa004000b", "fields": {"password": "pbkdf2_sha256$870000$2UdTdrGbwGQkifpeoiVNwd$+/whBXNak5JHiuiHCwatGZNZ9VQCIw55rdMHPxnEvpY=", "last_login": null, "is_superuser": false, "username": "eyups_7", "first_name": "", "last_name": "", "email": "", "is_staff": false, "is_active": true, "date_joined": "2024-10-10T18:11:16.666Z", "groups": [], "user_permissions": []}}, {"model": "habit_tracker_app.user", "pk": "00000000-0000-0000-09e7-40f315000033", "fields": {"password": "pbkdf2_sha256$870000$en8z7s5YITTPpMLlekefj2$9HCY+zDZuwWiU361LMMBG//eU2q9Vlk2XaGzAwkOgQI=", "last_login": null, "is_superuser": false, "username": "bet._.l", "first_name": "", "last_name": "", "email": "", "is_staff": false, "is_active": true, "date_joined": "2024-10-10T18:11:10.427Z", "groups": [], "user_permissions": []}}, {"model": "habit_tracker_app.user", "pk": "00000000-0000-0000-0a70-8bb9e284000a", "fields": {"password": "pbkdf2_sha256$870000$bsjmCID3ZenrMWPSTa4Z9j$gJnDXMl98WfnbzEC0x2aNbruRIbvqz+z7kskMIFsIbE=", "last_login": null, "is_superuser": false, "username": "mbatuhan.", "first_name": "", "last_name": "", "email": "", "is_staff": false, "is_active": true, "date_joined": "2024-10-10T18:11:15.340Z", "groups": [], "user_permissions": []}}, {"model": "habit_tracker_app.user", "pk": "00000000-0000-0000-0a7d-54da71000015", "fields": {"password": "pbkdf2_sha256$870000$BOxre8YQMHEE9uGsBFFnNm$fB3AUOpC3rfUnDeY+X32vKk5diq3CHdJUVLmg0chkrE=", "last_login": null, "is_superuser": false, "username": "ahmetfurkan.", "first_name": "", "last_name": "", "email": "", "is_staff": false, "is_active": true, "date_joined": "2024-10-10T18:11:14.010Z", "groups": [], "user_permissions": []}}, {"model": "habit_tracker_app.user", "pk": "00000000-0000-0000-0a8e-30dd38ca0014", "fields": {"password": "pbkdf2_sha256$870000$f0AS6Sjqmr4ptGswRE3iR8$NyDICUtYl10EasN4dTReNeVV7CaNwCtg6bwv5UJzblo=", "last_login": null, "is_superuser": false, "username": "harun09436", "first_name": "", "last_name": "", "email": "", "is_staff": false, "is_active": true, "date_joined": "2024-10-10T18:11:14.881Z", "groups": [], "user_permissions": []}}, {"model": "habit_tracker_app.user", "pk": "00000000-0000-0000-0d80-758b13c25028", "fields": {"password": "pbkdf2_sha256$870000$EKJba5bWiGgW5sXvoJuMgP$+48gl6hVf7J3OB3m7Y3TXTIUvkjcBDNuC5VAY8WzTMU=", "last_login": null, "is_superuser": false, "username": "nureddin0308", "first_name": "", "last_name": "", "email": "", "is_staff": false, "is_active": true, "date_joined": "2024-10-10T18:11:12.215Z", "groups": [], "user_permissions": []}}, {"model": "habit_tracker_app.user", "pk": "00000000-0000-0000-0e27-e7196884103f", "fields": {"password": "pbkdf2_sha256$870000$KZVHYEI9bk77Yr0y5OZRJ0$k4YGDMTj6Guaw97/N5GaLTEt+BOcs0Yvaj4U1g9qbL8=", "last_login": null, "is_superuser": false, "username": "huseyincivi", "first_name": "", "last_name": "", "email": "", "is_staff": false, "is_active": true, "date_joined": "2024-10-10T18:11:16.247Z", "groups": [], "user_permissions": []}}, {"model": "habit_tracker_app.user", "pk": "00000000-0000-0000-0fdd-9f5697c4008c", "fields": {"password": "pbkdf2_sha256$870000$6Kq9yoE9DO35ayVoJBjAuU$YEa1J5UwG4Q3Z3gKm7KyoI1doIFvW+kfiXpugJ+00to=", "last_login": null, "is_superuser": false, "username": "muhammedsoner.1221", "first_name": "", "last_name": "", "email": "", "is_staff": false, "is_active": true, "date_joined": "2024-10-10T18:11:11.333Z", "groups": [], "user_permissions": []}}, {"model": "habit_tracker_app.user", "pk": "00000000-0000-0000-10b3-715b7e441035", "fields": {"password": "pbkdf2_sha256$870000$ouUi8Mav3L4OiUbYGoDlTA$CxO0cT8FLV/Rv/TnsIkDNKjgT7/ccHIFGaUsrE0uUcQ=", "last_login": null, "is_superuser": false, "username": "introvert4444", "first_name": "", "last_name": "", "email": "", "is_staff": false, "is_active": true, "date_joined": "2024-10-10T18:11:10.883Z", "groups": [], "user_permissions": []}}, {"model": "habit_tracker_app.user", "pk": "00000000-0000-0000-1109-5e1ca8800017", "fields": {"password": "pbkdf2_sha256$870000$Tao3TGlfYVx4LCNQkBnNrY$3oDat6aQgshAt7/MELvae3IMn3xOQQmOZLjDsOlsrFM=", "last_login": null, "is_superuser": false, "username": "senakisa.", "first_name": "", "last_name": "", "email": "", "is_staff": false, "is_active": true, "date_joined": "2024-10-10T18:11:13.559Z", "groups": [], "user_permissions": []}}, {"model": "habit_tracker_app.user", "pk": "00000000-0000-0000-11ca-9fe9d582003f", "fields": {"password": "pbkdf2_sha256$870000$SOUTJ9ixI6jYTRrxDawdsG$ZypFyvQUffYkQTFu9wJMUfruEK5guMMIoXC22FtSZms=", "last_login": null, "is_superuser": false, "username": "adeelandd", "first_name": "", "last_name": "", "email": "", "is_staff": false, "is_active": true, "date_joined": "2024-10-10T18:11:09.973Z", "groups": [], "user_permissions": []}}, {"model": "habit_tracker_app.user", "pk": "00000000-0000-0000-11ce-7e6e218200b9", "fields": {"password": "pbkdf2_sha256$870000$SxBjwtvvXSoBnBwJsxt6Bl$BZm4iLvCHJP7IFIdQlsDedTPrwiGN6yx6lEunME17ZQ=", "last_login": null, "is_superuser": false, "username": "murat20031968", "first_name": "", "last_name": "", "email": "", "is_staff": false, "is_active": true, "date_joined": "2024-10-10T18:11:14.465Z", "groups": [], "user_permissions": []}}, {"model": "habit_tracker_app.user", "pk": "00000000-0000-0000-11e5-ace326c21046", "fields": {"password": "pbkdf2_sha256$870000$em3htMvYfypDyaoHkSDPII$E7O70s0c0rNXxIA3swDaFCGI2k8LyElMNIrSHdqHTyE=", "last_login": null, "is_superuser": false, "username": "betul1973.", "first_name": "", "last_name": "", "email": "", "is_staff": false, "is_active": true, "date_joined": "2024-10-10T18:11:15.804Z", "groups": [], "user_permissions": []}}, {"model": "habit_tracker_app.user", "pk": "17be627c-e6aa-4ef6-be22-1ed53da97ac3", "fields": {"password": "pbkdf2_sha256$870000$3ZkrPb0VD41p8pnR35kLgS$tXyzuGhjTtqB9xfw6ruC7sMFAAcuZ2Cc9TWyk9IY+vE=", "last_login": null, "is_superuser": false, "username": "dev", "first_name": "", "last_name": "", "email": "dev@gmail.com", "is_staff": false, "is_active": true, "date_joined": "2024-10-11T13:31:20.068Z", "groups": [], "user_permissions": []}}, {"model": "habit_tracker_app.user", "pk": "aaf11098-9274-4c4c-ac48-ae86f3427944", "fields": {"password": "pbkdf2_sha256$870000$uW3FK2zmwm1msDH9NpSZgQ$d6cNHBZ6z5FKRHCuRWxw3MVGMt7TsWPtQVpM5/CLhYM=", "last_login": null, "is_superuser": false, "username": "devvv3", "first_name": "", "last_name": "", "email": "devvv3gmail@gmail.com", "is_staff": false, "is_active": true, "date_joined": "2024-10-19T11:42:51.992Z", "groups": [], "user_permissions": []}}, {"model": "habit_tracker_app.user", "pk": "bec9952b-d0fc-4bc2-a307-cc089c0b7333", "fields": {"password": "pbkdf2_sha256$870000$TXO4lKhEJmBw9eYvQlLeT2$LXbcTOnh/Dp+PpW1MFpWWxwN+6c+9+HJhgqwkUBwm3Y=", "last_login": null, "is_superuser": false, "username": "tester@gmail.com", "first_name": "", "last_name": "", "email": "tester@gmail.com", "is_staff": false, "is_active": true, "date_joined": "2024-10-19T11:40:41.960Z", "groups": [], "user_permissions": []}}, {"model": "habit_tracker_app.trackingchannel", "pk": "00000000-0000-0000-11ca-d308e540100a", "fields": {"name": "Channel 1282069079099707402", "created_at": "2024-10-10T18:11:16.670Z", "users": ["00000000-0000-0000-039f-cc9c80000000", "00000000-0000-0000-0593-737528c20000", "00000000-0000-0000-09e7-40f315000033", "00000000-0000-0000-0fdd-9f5697c4008c", "00000000-0000-0000-10b3-715b7e441035", "00000000-0000-0000-11ca-9fe9d582003f"]}}, {"model": "habit_tracker_app.trackingchannel", "pk": "00000000-0000-0000-11ca-da7016c2000b", "fields": {"name": "Channel 1282077218893332491", "created_at": "2024-10-10T18:11:16.706Z", "users": ["00000000-0000-0000-0593-737528c20000", "00000000-0000-0000-0673-45d8e7040001", "00000000-0000-0000-0844-1920bfc00020", "00000000-0000-0000-0a7d-54da71000015", "00000000-0000-0000-0d80-758b13c25028", "00000000-0000-0000-1109-5e1ca8800017", "00000000-0000-0000-11ce-7e6e218200b9"]}}, {"model": "habit_tracker_app.trackingchannel", "pk": "00000000-0000-0000-11d2-dcfb35820021", "fields": {"name": "Channel 1284331815246626849", "created_at": "2024-10-10T18:11:16.736Z", "users": ["00000000-0000-0000-039f-cc9c80000000", "00000000-0000-0000-0969-586fa004000b", "00000000-0000-0000-0a70-8bb9e284000a", "00000000-0000-0000-0a8e-30dd38ca0014", "00000000-0000-0000-0e27-e7196884103f", "00000000-0000-0000-1109-5e1ca8800017", "00000000-0000-0000-11e5-ace326c21046"]}}, {"model": "habit_tracker_app.habit", "pk": "00000000-0000-0000-0000-000000000001", "fields": {"user": "00000000-0000-0000-039f-cc9c80000000", "tracking_channel": "00000000-0000-0000-11ca-d308e540100a", "habit_name": "wake up", "time_location": "at 9.30", "identity": "a more hardworking person", "created_at": "2024-10-10T18:11:16.766Z"}}, {"model": "habit_tracker_app.habit", "pk": "00000000-0000-0000-0000-000000000002", "fields": {"user": "00000000-0000-0000-11ca-9fe9d582003f", "tracking_channel": "00000000-0000-0000-11ca-d308e540100a", "habit_name": "learn 1 word every day", "time_location": "in the morning", "identity": "a more consistent person (first habitt)", "created_at": "2024-10-10T18:11:16.773Z"}}, {"model": "habit_tracker_app.habit", "pk": "00000000-0000-0000-0000-000000000003", "fields": {"user": "00000000-0000-0000-09e7-40f315000033", "tracking_channel": "00000000-0000-0000-11ca-d308e540100a", "habit_name": "read for 2 min", "time_location": "after writing", "identity": "a person who keeps a diary", "created_at": "2024-10-10T18:11:16.776Z"}}, {"model": "habit_tracker_app.habit", "pk": "00000000-0000-0000-0000-000000000004", "fields": {"user": "00000000-0000-0000-09e7-40f315000033", "tracking_channel": "00000000-0000-0000-11ca-d308e540100a", "habit_name": "writing for 2 min", "time_location": "before sleep", "identity": "reader", "created_at": "2024-10-10T18:11:16.780Z"}}, {"model": "habit_tracker_app.habit", "pk": "00000000-0000-0000-0000-000000000005", "fields": {"user": "00000000-0000-0000-09e7-40f315000033", "tracking_channel": "00000000-0000-0000-11ca-d308e540100a", "habit_name": "meditate for 1 minutes", "time_location": "after reading", "identity": "thankful", "created_at": "2024-10-10T18:11:16.786Z"}}, {"model": "habit_tracker_app.habit", "pk": "00000000-0000-0000-0000-000000000006", "fields": {"user": "00000000-0000-0000-10b3-715b7e441035", "tracking_channel": "00000000-0000-0000-11ca-d308e540100a", "habit_name": "programing", "time_location": "when I go library", "identity": "knowledgeable", "created_at": "2024-10-10T18:11:16.790Z"}}, {"model": "habit_tracker_app.habit", "pk": "00000000-0000-0000-0000-000000000007", "fields": {"user": "00000000-0000-0000-0fdd-9f5697c4008c", "tracking_channel": "00000000-0000-0000-11ca-d308e540100a", "habit_name": "I will read a book", "time_location": "everyday", "identity": "reading", "created_at": "2024-10-10T18:11:16.795Z"}}, {"model": "habit_tracker_app.habit", "pk": "00000000-0000-0000-0000-000000000008", "fields": {"user": "00000000-0000-0000-0593-737528c20000", "tracking_channel": "00000000-0000-0000-11ca-d308e540100a", "habit_name": "play violin", "time_location": "before reading the book", "identity": "a better musician", "created_at": "2024-10-10T18:11:16.800Z"}}, {"model": "habit_tracker_app.habit", "pk": "00000000-0000-0000-0000-000000000009", "fields": {"user": "00000000-0000-0000-0593-737528c20000", "tracking_channel": "00000000-0000-0000-11ca-da7016c2000b", "habit_name": "read", "time_location": "before sleep", "identity": "reader", "created_at": "2024-10-10T18:11:16.805Z"}}, {"model": "habit_tracker_app.habit", "pk": "00000000-0000-0000-0000-00000000000a", "fields": {"user": "00000000-0000-0000-0d80-758b13c25028", "tracking_channel": "00000000-0000-0000-11ca-da7016c2000b", "habit_name": "meditate for 3 minutes", "time_location": "anytime in a day", "identity": "an authentic person who is integrated with his emotions", "created_at": "2024-10-10T18:11:16.809Z"}}, {"model": "habit_tracker_app.habit", "pk": "00000000-0000-0000-0000-00000000000b", "fields": {"user": "00000000-0000-0000-0844-1920bfc00020", "tracking_channel": "00000000-0000-0000-11ca-da7016c2000b", "habit_name": "read book for 1 min", "time_location": "before i sleep", "identity": "become a reader", "created_at": "2024-10-10T18:11:16.813Z"}}, {"model": "habit_tracker_app.habit", "pk": "00000000-0000-0000-0000-00000000000f", "fields": {"user": "00000000-0000-0000-0673-45d8e7040001", "tracking_channel": "00000000-0000-0000-11ca-da7016c2000b", "habit_name": "read for 1.30 minutes", "time_location": "before sleep", "identity": "a more expressive person", "created_at": "2024-10-10T18:11:16.816Z"}}, {"model": "habit_tracker_app.habit", "pk": "00000000-0000-0000-0000-000000000010", "fields": {"user": "00000000-0000-0000-1109-5e1ca8800017", "tracking_channel": "00000000-0000-0000-11ca-da7016c2000b", "habit_name": "Exercising for 15 minutes", "time_location": "Everyday", "identity": "Healthier", "created_at": "2024-10-10T18:11:16.826Z"}}, {"model": "habit_tracker_app.habit", "pk": "00000000-0000-0000-0000-000000000011", "fields": {"user": "00000000-0000-0000-1109-5e1ca8800017", "tracking_channel": "00000000-0000-0000-11ca-da7016c2000b", "habit_name": "Gratitude Journal", "time_location": "Everyday", "identity": "self-aware person", "created_at": "2024-10-10T18:11:16.829Z"}}, {"model": "habit_tracker_app.habit", "pk": "00000000-0000-0000-0000-000000000012", "fields": {"user": "00000000-0000-0000-0a7d-54da71000015", "tracking_channel": "00000000-0000-0000-11ca-da7016c2000b", "habit_name": "5 sayfa min. kipat okuyacam", "time_location": "istanbul", "identity": "knowledgable", "created_at": "2024-10-10T18:11:16.836Z"}}, {"model": "habit_tracker_app.habit", "pk": "00000000-0000-0000-0000-000000000013", "fields": {"user": "00000000-0000-0000-11ce-7e6e218200b9", "tracking_channel": "00000000-0000-0000-11ca-da7016c2000b", "habit_name": "complete 1 duolingo lesson", "time_location": "before sleep", "identity": "fluent in English", "created_at": "2024-10-10T18:11:16.839Z"}}, {"model": "habit_tracker_app.habit", "pk": "00000000-0000-0000-0000-000000000014", "fields": {"user": "00000000-0000-0000-1109-5e1ca8800017", "tracking_channel": "00000000-0000-0000-11d2-dcfb35820021", "habit_name": "Digital Detox", "time_location": "Everyday-20 min", "identity": "a person spending quality time", "created_at": "2024-10-10T18:11:16.843Z"}}, {"model": "habit_tracker_app.habit", "pk": "00000000-0000-0000-0000-000000000015", "fields": {"user": "00000000-0000-0000-0a8e-30dd38ca0014", "tracking_channel": "00000000-0000-0000-11d2-dcfb35820021", "habit_name": "read for 15 minutes", "time_location": "before bed time", "identity": "a person who uses time efficiently", "created_at": "2024-10-10T18:11:16.846Z"}}, {"model": "habit_tracker_app.habit", "pk": "00000000-0000-0000-0000-000000000016", "fields": {"user": "00000000-0000-0000-0a70-8bb9e284000a", "tracking_channel": "00000000-0000-0000-11d2-dcfb35820021", "habit_name": "Exercise for 5 minutes", "time_location": "First thing in the morning, at the home", "identity": "Mr.Muscle", "created_at": "2024-10-10T18:11:16.846Z"}}, {"model": "habit_tracker_app.habit", "pk": "00000000-0000-0000-0000-000000000017", "fields": {"user": "00000000-0000-0000-11e5-ace326c21046", "tracking_channel": "00000000-0000-0000-11d2-dcfb35820021", "habit_name": "reading two pages of Quran", "time_location": "before sleep", "identity": "a person with a deeper knowledge about existence.", "created_at": "2024-10-10T18:11:16.856Z"}}, {"model": "habit_tracker_app.habit", "pk": "00000000-0000-0000-0000-000000000018", "fields": {"user": "00000000-0000-0000-0e27-e7196884103f", "tracking_channel": "00000000-0000-0000-11d2-dcfb35820021", "habit_name": "go gym", "time_location": "every other day", "identity": "self-dicipline", "created_at": "2024-10-10T18:11:16.859Z"}}, {"model": "habit_tracker_app.habit", "pk": "00000000-0000-0000-0000-000000000019", "fields": {"user": "00000000-0000-0000-0969-586fa004000b", "tracking_channel": "00000000-0000-0000-11d2-dcfb35820021", "habit_name": "do 20 pushups every day", "time_location": "after got home from work", "identity": "good software developer", "created_at": "2024-10-10T18:11:16.863Z"}}, {"model": "habit_tracker_app.habit", "pk": "00000000-0000-0000-0000-00000000001a", "fields": {"user": "00000000-0000-0000-039f-cc9c80000000", "tracking_channel": "00000000-0000-0000-11d2-dcfb35820021", "habit_name": "do a single health nurturing session", "time_location": "right after the night block", "identity": "a more grounded person", "created_at": "2024-10-10T18:11:16.866Z"}}, {"model": "habit_tracker_app.habit", "pk": "292ba896-33c3-4a9d-9972-40ee1c314f7a", "fields": {"user": "17be627c-e6aa-4ef6-be22-1ed53da97ac3", "tracking_channel": null, "habit_name": "reading", "time_location": "before sleep", "identity": "super father", "created_at": "2024-10-11T13:40:36.246Z"}}, {"model": "habit_tracker_app.habit", "pk": "52b1fd17-4b38-45a8-a1fe-dbf91d182a04", "fields": {"user": "00000000-0000-0000-039f-cc9c80000000", "tracking_channel": null, "habit_name": "dev", "time_location": null, "identity": null, "created_at": "2024-10-19T09:16:41.078Z"}}, {"model": "habit_tracker_app.habit", "pk": "6011d0f7-128e-4571-98ac-b4ffe36b19d5", "fields": {"user": "17be627c-e6aa-4ef6-be22-1ed53da97ac3", "tracking_channel": null, "habit_name": "dev3", "time_location": null, "identity": null, "created_at": "2024-10-19T10:03:39.288Z"}}, {"model": "habit_tracker_app.habit", "pk": "a8c2f8f3-ea33-4b5c-9cf9-2c2875eef5a0", "fields": {"user": "00000000-0000-0000-039f-cc9c80000000", "tracking_channel": null, "habit_name": "dev2", "time_location": null, "identity": null, "created_at": "2024-10-19T09:47:21.909Z"}}, {"model": "habit_tracker_app.habit", "pk": "c95ade75-5893-449c-9e5d-b4a48f7981ee", "fields": {"user": "17be627c-e6aa-4ef6-be22-1ed53da97ac3", "tracking_channel": null, "habit_name": "test1", "time_location": "test1", "identity": "test1", "created_at": "2024-10-11T22:37:06.759Z"}}, {"model": "habit_tracker_app.habit", "pk": "f0493743-9e6e-4f07-a383-de36baeab2d1", "fields": {"user": "17be627c-e6aa-4ef6-be22-1ed53da97ac3", "tracking_channel": null, "habit_name": "dev5", "time_location": null, "identity": null, "created_at": "2024-10-19T11:36:47.884Z"}}, {"model": "habit_tracker_app.habitcompletion", "pk": "025f2ef8-e29e-4e5f-bc20-60a2a47bcb3b", "fields": {"habit": "00000000-0000-0000-0000-000000000015", "completed_at": "2024-10-10T18:11:17.316Z"}}, {"model": "habit_tracker_app.habitcompletion", "pk": "03d7d876-eefe-44b9-ab88-8fa6abf2a52c", "fields": {"habit": "292ba896-33c3-4a9d-9972-40ee1c314f7a", "completed_at": "2024-10-12T09:13:46.203Z"}}, {"model": "habit_tracker_app.habitcompletion", "pk": "043cfa3c-82f6-4241-8aaf-8238b680aa4e", "fields": {"habit": "00000000-0000-0000-0000-000000000005", "completed_at": "2024-10-10T18:11:17.416Z"}}, {"model": "habit_tracker_app.habitcompletion", "pk": "048c7069-ccc0-4d5c-a37a-0a401e16f5f0", "fields": {"habit": "52b1fd17-4b38-45a8-a1fe-dbf91d182a04", "completed_at": "2024-10-19T09:17:05.279Z"}}, {"model": "habit_tracker_app.habitcompletion", "pk": "07adf094-092e-4dd2-95c5-3312e2e958eb", "fields": {"habit": "c95ade75-5893-449c-9e5d-b4a48f7981ee", "completed_at": "2024-10-12T09:13:43.354Z"}}, {"model": "habit_tracker_app.habitcompletion", "pk": "083f393b-ec22-439f-bb89-6c4e35456ca6", "fields": {"habit": "00000000-0000-0000-0000-000000000004", "completed_at": "2024-10-10T18:11:17.429Z"}}, {"model": "habit_tracker_app.habitcompletion", "pk": "0d7effac-9e58-42be-b70b-955a6b34d515", "fields": {"habit": "00000000-0000-0000-0000-000000000001", "completed_at": "2024-10-19T09:10:28.197Z"}}, {"model": "habit_tracker_app.habitcompletion", "pk": "0e545564-2aa1-4234-bbb0-d9bf99bc2be6", "fields": {"habit": "00000000-0000-0000-0000-000000000001", "completed_at": "2024-10-19T09:05:45.704Z"}}, {"model": "habit_tracker_app.habitcompletion", "pk": "0f5992be-e58a-4cb3-ad79-e2098ce2dea9", "fields": {"habit": "c95ade75-5893-449c-9e5d-b4a48f7981ee", "completed_at": "2024-10-11T22:46:55.370Z"}}, {"model": "habit_tracker_app.habitcompletion", "pk": "0fead4b1-c7ea-43bb-9bae-18958b9ffb21", "fields": {"habit": "f0493743-9e6e-4f07-a383-de36baeab2d1", "completed_at": "2024-10-19T11:36:51.075Z"}}, {"model": "habit_tracker_app.habitcompletion", "pk": "1576c67f-f521-4631-845f-6f7d332914e8", "fields": {"habit": "00000000-0000-0000-0000-000000000008", "completed_at": "2024-10-10T18:11:17.473Z"}}, {"model": "habit_tracker_app.habitcompletion", "pk": "15c1ad2e-8b8a-4a23-964e-64f1f243324b", "fields": {"habit": "00000000-0000-0000-0000-000000000001", "completed_at": "2024-10-11T22:30:24.217Z"}}, {"model": "habit_tracker_app.habitcompletion", "pk": "15fdeccd-1455-4e1d-8054-ebab5fa508f4", "fields": {"habit": "00000000-0000-0000-0000-000000000009", "completed_at": "2024-10-10T18:11:16.926Z"}}, {"model": "habit_tracker_app.habitcompletion", "pk": "165f89ac-eda6-4339-b08b-014c38fcd01a", "fields": {"habit": "00000000-0000-0000-0000-00000000001a", "completed_at": "2024-10-11T13:16:29.411Z"}}, {"model": "habit_tracker_app.habitcompletion", "pk": "165fc28f-a831-4123-be46-b051bd5bf4dd", "fields": {"habit": "00000000-0000-0000-0000-00000000000f", "completed_at": "2024-10-10T18:11:17.230Z"}}, {"model": "habit_tracker_app.habitcompletion", "pk": "16ca9592-307d-440e-ac00-f16bfbe809d9", "fields": {"habit": "00000000-0000-0000-0000-000000000001", "completed_at": "2024-10-11T22:30:20.568Z"}}, {"model": "habit_tracker_app.habitcompletion", "pk": "1874c3a4-e28c-41cb-a8bd-2d98a4b4409e", "fields": {"habit": "00000000-0000-0000-0000-00000000000b", "completed_at": "2024-10-10T18:11:17.066Z"}}, {"model": "habit_tracker_app.habitcompletion", "pk": "18ac6702-9492-4bae-adce-394e05be3815", "fields": {"habit": "292ba896-33c3-4a9d-9972-40ee1c314f7a", "completed_at": "2024-10-11T22:46:39.955Z"}}, {"model": "habit_tracker_app.habitcompletion", "pk": "1ed363b1-34c2-49f3-be0c-42cd715fd2c0", "fields": {"habit": "00000000-0000-0000-0000-000000000007", "completed_at": "2024-10-10T18:11:17.630Z"}}, {"model": "habit_tracker_app.habitcompletion", "pk": "1f540d27-f4f9-42cb-bd7f-03442e19e0a8", "fields": {"habit": "52b1fd17-4b38-45a8-a1fe-dbf91d182a04", "completed_at": "2024-10-19T09:17:06.112Z"}}, {"model": "habit_tracker_app.habitcompletion", "pk": "242e0b37-077d-4514-a90e-8fc2ba6fff1b", "fields": {"habit": "00000000-0000-0000-0000-000000000004", "completed_at": "2024-10-10T18:11:17.260Z"}}, {"model": "habit_tracker_app.habitcompletion", "pk": "2604799a-2621-4717-885f-f4e53cc9fda1", "fields": {"habit": "f0493743-9e6e-4f07-a383-de36baeab2d1", "completed_at": "2024-10-19T11:36:51.979Z"}}, {"model": "habit_tracker_app.habitcompletion", "pk": "27fac799-aece-4d12-a884-7113c9628267", "fields": {"habit": "c95ade75-5893-449c-9e5d-b4a48f7981ee", "completed_at": "2024-10-12T09:13:52.421Z"}}, {"model": "habit_tracker_app.habitcompletion", "pk": "28e30af3-874a-4e2d-b7d7-0e3bca2e1227", "fields": {"habit": "c95ade75-5893-449c-9e5d-b4a48f7981ee", "completed_at": "2024-10-11T22:46:51.736Z"}}, {"model": "habit_tracker_app.habitcompletion", "pk": "2a0e5998-965d-4fd4-9555-aa65f9682cc4", "fields": {"habit": "292ba896-33c3-4a9d-9972-40ee1c314f7a", "completed_at": "2024-10-11T13:41:10.628Z"}}, {"model": "habit_tracker_app.habitcompletion", "pk": "2b23094d-96ee-4582-9238-5a5479cf502b", "fields": {"habit": "f0493743-9e6e-4f07-a383-de36baeab2d1", "completed_at": "2024-10-19T11:36:50.700Z"}}, {"model": "habit_tracker_app.habitcompletion", "pk": "2b9ce473-e5a7-45fb-9867-334535e67e39", "fields": {"habit": "6011d0f7-128e-4571-98ac-b4ffe36b19d5", "completed_at": "2024-10-19T10:03:42.127Z"}}, {"model": "habit_tracker_app.habitcompletion", "pk": "2bee4813-6efe-4338-a9a2-a9443c2eb539", "fields": {"habit": "00000000-0000-0000-0000-000000000001", "completed_at": "2024-10-19T09:05:45.824Z"}}, {"model": "habit_tracker_app.habitcompletion", "pk": "2c063728-b11f-428c-a106-594e2cfe6671", "fields": {"habit": "52b1fd17-4b38-45a8-a1fe-dbf91d182a04", "completed_at": "2024-10-19T09:17:05.549Z"}}, {"model": "habit_tracker_app.habitcompletion", "pk": "2d991bd8-36a4-4d54-9352-3fd279d8a141", "fields": {"habit": "00000000-0000-0000-0000-000000000008", "completed_at": "2024-10-10T18:11:17.284Z"}}, {"model": "habit_tracker_app.habitcompletion", "pk": "2eb3a518-505b-49f1-8208-61abf8391938", "fields": {"habit": "00000000-0000-0000-0000-000000000013", "completed_at": "2024-10-10T18:11:17.206Z"}}, {"model": "habit_tracker_app.habitcompletion", "pk": "2ec79250-a261-4bf0-9236-50f2657d56a1", "fields": {"habit": "00000000-0000-0000-0000-000000000003", "completed_at": "2024-10-10T18:11:17.140Z"}}, {"model": "habit_tracker_app.habitcompletion", "pk": "30cad689-85ef-45bd-85a2-796b6ce5eaf9", "fields": {"habit": "52b1fd17-4b38-45a8-a1fe-dbf91d182a04", "completed_at": "2024-10-19T09:17:06.434Z"}}, {"model": "habit_tracker_app.habitcompletion", "pk": "31241cd0-3d48-4786-96b6-3068ec62f2da", "fields": {"habit": "00000000-0000-0000-0000-000000000001", "completed_at": "2024-10-10T18:11:17.236Z"}}, {"model": "habit_tracker_app.habitcompletion", "pk": "323b9f7d-0eed-4c99-89ed-a19e96d75d6a", "fields": {"habit": "00000000-0000-0000-0000-000000000010", "completed_at": "2024-10-10T18:11:17.170Z"}}, {"model": "habit_tracker_app.habitcompletion", "pk": "33fdea9b-4ceb-4a80-b2ca-960ce04cbe13", "fields": {"habit": "52b1fd17-4b38-45a8-a1fe-dbf91d182a04", "completed_at": "2024-10-19T09:17:04.867Z"}}, {"model": "habit_tracker_app.habitcompletion", "pk": "34430799-fe3a-463b-8e55-3a88c06e8fa5", "fields": {"habit": "00000000-0000-0000-0000-000000000011", "completed_at": "2024-10-10T18:11:17.330Z"}}, {"model": "habit_tracker_app.habitcompletion", "pk": "35c263bd-e2c1-44e5-b8a5-751d8d58ccc9", "fields": {"habit": "00000000-0000-0000-0000-000000000004", "completed_at": "2024-10-10T18:11:16.999Z"}}, {"model": "habit_tracker_app.habitcompletion", "pk": "370f63c8-5e85-40e4-9050-08c87f53e358", "fields": {"habit": "f0493743-9e6e-4f07-a383-de36baeab2d1", "completed_at": "2024-10-19T11:36:51.290Z"}}, {"model": "habit_tracker_app.habitcompletion", "pk": "38ae0082-884e-4dc9-add0-fccc01e26252", "fields": {"habit": "00000000-0000-0000-0000-000000000001", "completed_at": "2024-10-19T09:10:23.658Z"}}, {"model": "habit_tracker_app.habitcompletion", "pk": "38c98b20-ee69-48ec-a0b7-cac73325a03c", "fields": {"habit": "00000000-0000-0000-0000-000000000001", "completed_at": "2024-10-19T09:06:12.001Z"}}, {"model": "habit_tracker_app.habitcompletion", "pk": "3edc7d7a-b902-4172-821f-a0472cd38d12", "fields": {"habit": "00000000-0000-0000-0000-000000000001", "completed_at": "2024-10-19T09:05:45.299Z"}}, {"model": "habit_tracker_app.habitcompletion", "pk": "406cf83d-e2e2-445b-9f98-b829c94fb649", "fields": {"habit": "00000000-0000-0000-0000-000000000009", "completed_at": "2024-10-10T18:11:17.460Z"}}, {"model": "habit_tracker_app.habitcompletion", "pk": "431cb62b-827d-4542-98aa-1da046b61958", "fields": {"habit": "00000000-0000-0000-0000-00000000000f", "completed_at": "2024-10-10T18:11:17.042Z"}}, {"model": "habit_tracker_app.habitcompletion", "pk": "441c014a-0f50-4a31-90b6-0fee89c424ad", "fields": {"habit": "00000000-0000-0000-0000-000000000009", "completed_at": "2024-10-10T18:11:17.276Z"}}, {"model": "habit_tracker_app.habitcompletion", "pk": "4c00ca69-23fb-42d2-aa2d-4e28dcfa52ac", "fields": {"habit": "292ba896-33c3-4a9d-9972-40ee1c314f7a", "completed_at": "2024-10-12T09:04:13.454Z"}}, {"model": "habit_tracker_app.habitcompletion", "pk": "4d77c951-edf8-4324-9e70-0f9e752d768d", "fields": {"habit": "52b1fd17-4b38-45a8-a1fe-dbf91d182a04", "completed_at": "2024-10-19T09:17:05.144Z"}}, {"model": "habit_tracker_app.habitcompletion", "pk": "500fa28c-fd66-4820-b32f-7e86648c4059", "fields": {"habit": "52b1fd17-4b38-45a8-a1fe-dbf91d182a04", "completed_at": "2024-10-19T09:17:06.337Z"}}, {"model": "habit_tracker_app.habitcompletion", "pk": "52046c9d-270d-4edc-851b-e2435f2a32d5", "fields": {"habit": "292ba896-33c3-4a9d-9972-40ee1c314f7a", "completed_at": "2024-10-11T22:46:46.699Z"}}, {"model": "habit_tracker_app.habitcompletion", "pk": "5547b58c-81c5-4cbc-a34a-bd664eacc56c", "fields": {"habit": "00000000-0000-0000-0000-000000000001", "completed_at": "2024-10-10T23:39:03.649Z"}}, {"model": "habit_tracker_app.habitcompletion", "pk": "560f481f-a524-4e2d-a079-5798ef5e3c94", "fields": {"habit": "00000000-0000-0000-0000-000000000013", "completed_at": "2024-10-10T18:11:17.269Z"}}, {"model": "habit_tracker_app.habitcompletion", "pk": "57167124-036c-43fe-9562-46cdbffeb110", "fields": {"habit": "00000000-0000-0000-0000-000000000005", "completed_at": "2024-10-10T18:11:17.009Z"}}, {"model": "habit_tracker_app.habitcompletion", "pk": "57d365b5-2916-4497-9e1b-c1d78f4afc9a", "fields": {"habit": "f0493743-9e6e-4f07-a383-de36baeab2d1", "completed_at": "2024-10-19T11:36:52.175Z"}}, {"model": "habit_tracker_app.habitcompletion", "pk": "58f93e37-cd2a-4367-8a16-21a5b5ab04bb", "fields": {"habit": "00000000-0000-0000-0000-000000000010", "completed_at": "2024-10-10T18:11:17.610Z"}}, {"model": "habit_tracker_app.habitcompletion", "pk": "603048f9-80d9-49b2-b03b-f423e762f9b3", "fields": {"habit": "00000000-0000-0000-0000-000000000008", "completed_at": "2024-10-10T18:11:16.947Z"}}, {"model": "habit_tracker_app.habitcompletion", "pk": "6114859e-c119-440f-9dd7-e04ffa73c87b", "fields": {"habit": "52b1fd17-4b38-45a8-a1fe-dbf91d182a04", "completed_at": "2024-10-19T09:17:05.414Z"}}, {"model": "habit_tracker_app.habitcompletion", "pk": "684f8b04-8a40-46e9-9b51-d255e6d8a1c5", "fields": {"habit": "52b1fd17-4b38-45a8-a1fe-dbf91d182a04", "completed_at": "2024-10-19T09:17:05.029Z"}}, {"model": "habit_tracker_app.habitcompletion", "pk": "690411b3-dc80-45fe-8cf9-96953fd822cf", "fields": {"habit": "00000000-0000-0000-0000-000000000014", "completed_at": "2024-10-10T18:11:17.163Z"}}, {"model": "habit_tracker_app.habitcompletion", "pk": "6a54fff6-3f74-40b4-9aff-3b32044526d5", "fields": {"habit": "00000000-0000-0000-0000-000000000006", "completed_at": "2024-10-10T18:11:17.580Z"}}, {"model": "habit_tracker_app.habitcompletion", "pk": "6e909b64-0c13-41dd-8327-b8dde92ddb73", "fields": {"habit": "52b1fd17-4b38-45a8-a1fe-dbf91d182a04", "completed_at": "2024-10-19T09:17:04.725Z"}}, {"model": "habit_tracker_app.habitcompletion", "pk": "6fa4ab51-3966-437c-ac9d-64628b60b6f9", "fields": {"habit": "52b1fd17-4b38-45a8-a1fe-dbf91d182a04", "completed_at": "2024-10-19T09:17:06.816Z"}}, {"model": "habit_tracker_app.habitcompletion", "pk": "7020f249-6f7f-465e-9c06-9236d53d1e71", "fields": {"habit": "00000000-0000-0000-0000-000000000004", "completed_at": "2024-10-10T18:11:17.132Z"}}, {"model": "habit_tracker_app.habitcompletion", "pk": "70c72923-fa6d-4100-ab20-dbc745275ade", "fields": {"habit": "c95ade75-5893-449c-9e5d-b4a48f7981ee", "completed_at": "2024-10-12T09:13:47.004Z"}}, {"model": "habit_tracker_app.habitcompletion", "pk": "7441d40a-185a-47f3-b605-e4cb9a71ff99", "fields": {"habit": "f0493743-9e6e-4f07-a383-de36baeab2d1", "completed_at": "2024-10-19T11:36:50.841Z"}}, {"model": "habit_tracker_app.habitcompletion", "pk": "751a7b0e-ab41-4a82-87f2-30b8a79f420b", "fields": {"habit": "00000000-0000-0000-0000-00000000000b", "completed_at": "2024-10-10T18:11:17.365Z"}}, {"model": "habit_tracker_app.habitcompletion", "pk": "7618e69d-b867-4667-b8a8-39c411444c25", "fields": {"habit": "f0493743-9e6e-4f07-a383-de36baeab2d1", "completed_at": "2024-10-19T11:36:52.078Z"}}, {"model": "habit_tracker_app.habitcompletion", "pk": "799b8edd-12bf-4735-910e-e8d7b1d95273", "fields": {"habit": "00000000-0000-0000-0000-000000000011", "completed_at": "2024-10-10T18:11:17.600Z"}}, {"model": "habit_tracker_app.habitcompletion", "pk": "79ce53e6-81ad-471a-b0a3-26af1625feb0", "fields": {"habit": "52b1fd17-4b38-45a8-a1fe-dbf91d182a04", "completed_at": "2024-10-19T09:17:05.683Z"}}, {"model": "habit_tracker_app.habitcompletion", "pk": "7b27c9f2-f803-4c76-8617-a0e488f8958c", "fields": {"habit": "00000000-0000-0000-0000-00000000000f", "completed_at": "2024-10-10T18:11:17.524Z"}}, {"model": "habit_tracker_app.habitcompletion", "pk": "7ca91c46-4c92-47f0-8518-e0bd6818e0b4", "fields": {"habit": "00000000-0000-0000-0000-000000000001", "completed_at": "2024-10-19T09:05:45.006Z"}}, {"model": "habit_tracker_app.habitcompletion", "pk": "7d46a092-a515-42aa-ba2e-8739cb436dee", "fields": {"habit": "00000000-0000-0000-0000-000000000007", "completed_at": "2024-10-10T18:11:17.375Z"}}, {"model": "habit_tracker_app.habitcompletion", "pk": "7de2146c-56b7-42d7-be6c-817919bb92c2", "fields": {"habit": "00000000-0000-0000-0000-000000000011", "completed_at": "2024-10-10T18:11:16.989Z"}}, {"model": "habit_tracker_app.habitcompletion", "pk": "7fb9bbe3-92ea-45ca-bc4b-04b8ddbf9f2b", "fields": {"habit": "292ba896-33c3-4a9d-9972-40ee1c314f7a", "completed_at": "2024-10-11T22:46:43.833Z"}}, {"model": "habit_tracker_app.habitcompletion", "pk": "80297bc0-5b24-46de-b980-502458a64cf7", "fields": {"habit": "00000000-0000-0000-0000-000000000001", "completed_at": "2024-10-19T09:05:45.439Z"}}, {"model": "habit_tracker_app.habitcompletion", "pk": "81b23a5f-2681-464b-9a83-b863c4003859", "fields": {"habit": "c95ade75-5893-449c-9e5d-b4a48f7981ee", "completed_at": "2024-10-11T22:46:53.999Z"}}, {"model": "habit_tracker_app.habitcompletion", "pk": "81b4f221-8a2d-46ee-841a-5063afbdc318", "fields": {"habit": "00000000-0000-0000-0000-000000000014", "completed_at": "2024-10-10T18:11:16.968Z"}}, {"model": "habit_tracker_app.habitcompletion", "pk": "822cbe88-1659-43a5-856f-497491efed2c", "fields": {"habit": "f0493743-9e6e-4f07-a383-de36baeab2d1", "completed_at": "2024-10-19T11:36:52.276Z"}}, {"model": "habit_tracker_app.habitcompletion", "pk": "881e9b2b-de2a-4315-9c3e-de336d51b10f", "fields": {"habit": "f0493743-9e6e-4f07-a383-de36baeab2d1", "completed_at": "2024-10-19T11:36:51.172Z"}}, {"model": "habit_tracker_app.habitcompletion", "pk": "8886d0c8-480a-4de5-9502-06b7b5840656", "fields": {"habit": "00000000-0000-0000-0000-00000000000b", "completed_at": "2024-10-10T18:11:16.916Z"}}, {"model": "habit_tracker_app.habitcompletion", "pk": "894ee1f8-b0e2-4d18-89a4-a581e7edfa99", "fields": {"habit": "00000000-0000-0000-0000-000000000002", "completed_at": "2024-10-10T18:11:17.558Z"}}, {"model": "habit_tracker_app.habitcompletion", "pk": "8ad43a05-5b4c-4ef8-96f5-07121aaa689d", "fields": {"habit": "6011d0f7-128e-4571-98ac-b4ffe36b19d5", "completed_at": "2024-10-19T10:03:42.929Z"}}, {"model": "habit_tracker_app.habitcompletion", "pk": "8c4854a4-66f2-48a5-9488-dcce4117f09b", "fields": {"habit": "00000000-0000-0000-0000-00000000000b", "completed_at": "2024-10-10T18:11:17.199Z"}}, {"model": "habit_tracker_app.habitcompletion", "pk": "8d8afe9c-fe8d-453b-807f-8fd9583d5e6b", "fields": {"habit": "6011d0f7-128e-4571-98ac-b4ffe36b19d5", "completed_at": "2024-10-19T10:03:42.406Z"}}, {"model": "habit_tracker_app.habitcompletion", "pk": "8ebb5f0b-67b0-4cb9-938e-721763471031", "fields": {"habit": "00000000-0000-0000-0000-000000000003", "completed_at": "2024-10-10T18:11:17.444Z"}}, {"model": "habit_tracker_app.habitcompletion", "pk": "8eea35fe-4153-4b9c-ac6c-f22bb28ae3d7", "fields": {"habit": "00000000-0000-0000-0000-000000000009", "completed_at": "2024-10-10T18:11:17.036Z"}}, {"model": "habit_tracker_app.habitcompletion", "pk": "8eed7ee3-cae5-4d19-be96-b409437762ff", "fields": {"habit": "292ba896-33c3-4a9d-9972-40ee1c314f7a", "completed_at": "2024-10-12T09:13:45.670Z"}}, {"model": "habit_tracker_app.habitcompletion", "pk": "907402ef-b2d7-4d85-9fa4-76dfb277c362", "fields": {"habit": "00000000-0000-0000-0000-000000000015", "completed_at": "2024-10-10T18:11:17.106Z"}}, {"model": "habit_tracker_app.habitcompletion", "pk": "91a1d419-aec3-411c-9355-be44258b1741", "fields": {"habit": "00000000-0000-0000-0000-000000000006", "completed_at": "2024-10-10T18:11:17.076Z"}}, {"model": "habit_tracker_app.habitcompletion", "pk": "98862a6a-00cd-4fea-84cc-2e88a2ca2bea", "fields": {"habit": "00000000-0000-0000-0000-000000000001", "completed_at": "2024-10-19T09:06:12.980Z"}}, {"model": "habit_tracker_app.habitcompletion", "pk": "99e19638-dcf7-4229-97b4-4c865c480109", "fields": {"habit": "292ba896-33c3-4a9d-9972-40ee1c314f7a", "completed_at": "2024-10-12T09:13:40.492Z"}}, {"model": "habit_tracker_app.habitcompletion", "pk": "9a2514b4-70cf-403f-ba7d-3a6645552600", "fields": {"habit": "00000000-0000-0000-0000-000000000009", "completed_at": "2024-10-10T18:11:17.156Z"}}, {"model": "habit_tracker_app.habitcompletion", "pk": "9bb598af-9751-4045-9d42-e1b0ac1f0c86", "fields": {"habit": "00000000-0000-0000-0000-00000000000a", "completed_at": "2024-10-10T18:11:17.536Z"}}, {"model": "habit_tracker_app.habitcompletion", "pk": "9e1f7a28-21be-425f-b6f6-eaf31d225ac6", "fields": {"habit": "00000000-0000-0000-0000-000000000005", "completed_at": "2024-10-10T18:11:17.123Z"}}, {"model": "habit_tracker_app.habitcompletion", "pk": "9e76a373-f971-4a52-971b-39fdb90ee3f6", "fields": {"habit": "00000000-0000-0000-0000-000000000016", "completed_at": "2024-10-10T18:11:17.403Z"}}, {"model": "habit_tracker_app.habitcompletion", "pk": "9e9e7d6a-dd88-4317-a411-42f480f3c1e9", "fields": {"habit": "292ba896-33c3-4a9d-9972-40ee1c314f7a", "completed_at": "2024-10-11T13:55:15.297Z"}}, {"model": "habit_tracker_app.habitcompletion", "pk": "a09eefe2-a777-42ec-aa9b-141bd2c26c4c", "fields": {"habit": "00000000-0000-0000-0000-000000000002", "completed_at": "2024-10-10T18:11:17.300Z"}}, {"model": "habit_tracker_app.habitcompletion", "pk": "a1533b6e-17a5-4cd6-9b05-5df55b031a2b", "fields": {"habit": "00000000-0000-0000-0000-000000000001", "completed_at": "2024-10-19T09:06:17.999Z"}}, {"model": "habit_tracker_app.habitcompletion", "pk": "a1e7e01b-4cd8-44c7-9374-08df2d4a3e2c", "fields": {"habit": "52b1fd17-4b38-45a8-a1fe-dbf91d182a04", "completed_at": "2024-10-19T09:17:05.841Z"}}, {"model": "habit_tracker_app.habitcompletion", "pk": "a3e517c2-2ddc-46cc-9bfb-419a3e708503", "fields": {"habit": "00000000-0000-0000-0000-00000000000f", "completed_at": "2024-10-10T18:11:17.192Z"}}, {"model": "habit_tracker_app.habitcompletion", "pk": "a404ae59-9909-4865-b563-c7591821299a", "fields": {"habit": "00000000-0000-0000-0000-000000000006", "completed_at": "2024-10-10T18:11:17.310Z"}}, {"model": "habit_tracker_app.habitcompletion", "pk": "a46a6945-bb04-4fa1-b703-1f45a3d99354", "fields": {"habit": "00000000-0000-0000-0000-000000000007", "completed_at": "2024-10-10T18:11:16.873Z"}}, {"model": "habit_tracker_app.habitcompletion", "pk": "a47228eb-f5e3-4f2e-9096-3b62e40d9d9a", "fields": {"habit": "292ba896-33c3-4a9d-9972-40ee1c314f7a", "completed_at": "2024-10-11T22:52:17.634Z"}}, {"model": "habit_tracker_app.habitcompletion", "pk": "a5edc743-b4f1-495d-90e9-f5d5a58bd31b", "fields": {"habit": "00000000-0000-0000-0000-000000000010", "completed_at": "2024-10-10T18:11:17.340Z"}}, {"model": "habit_tracker_app.habitcompletion", "pk": "a96d0647-7c12-4f39-8b82-096c2c057b72", "fields": {"habit": "c95ade75-5893-449c-9e5d-b4a48f7981ee", "completed_at": "2024-10-12T09:13:52.886Z"}}, {"model": "habit_tracker_app.habitcompletion", "pk": "ab493ee5-379c-4444-aa98-b18b244bb2cb", "fields": {"habit": "00000000-0000-0000-0000-000000000001", "completed_at": "2024-10-19T09:05:44.326Z"}}, {"model": "habit_tracker_app.habitcompletion", "pk": "ae2f9238-9497-4f10-acc4-e059a8f1de20", "fields": {"habit": "52b1fd17-4b38-45a8-a1fe-dbf91d182a04", "completed_at": "2024-10-19T09:17:05.954Z"}}, {"model": "habit_tracker_app.habitcompletion", "pk": "b0110cbc-e31e-42cb-aa79-27fa323f8b4a", "fields": {"habit": "52b1fd17-4b38-45a8-a1fe-dbf91d182a04", "completed_at": "2024-10-19T09:42:04.981Z"}}, {"model": "habit_tracker_app.habitcompletion", "pk": "b1752e4b-fb03-40bd-943e-7cb7d7e67c64", "fields": {"habit": "00000000-0000-0000-0000-000000000013", "completed_at": "2024-10-10T18:11:17.547Z"}}, {"model": "habit_tracker_app.habitcompletion", "pk": "b3604d77-f1c9-47ba-8e3c-f78321ecdbcf", "fields": {"habit": "00000000-0000-0000-0000-000000000006", "completed_at": "2024-10-10T18:11:17.183Z"}}, {"model": "habit_tracker_app.habitcompletion", "pk": "b62a17a9-0e68-4e6b-81dd-09edbe72b4e2", "fields": {"habit": "c95ade75-5893-449c-9e5d-b4a48f7981ee", "completed_at": "2024-10-11T22:46:58.115Z"}}, {"model": "habit_tracker_app.habitcompletion", "pk": "b8140e14-a9e6-4a64-9576-c6df10b3b1d4", "fields": {"habit": "6011d0f7-128e-4571-98ac-b4ffe36b19d5", "completed_at": "2024-10-19T10:03:42.832Z"}}, {"model": "habit_tracker_app.habitcompletion", "pk": "b89b667c-2f22-46af-9d92-eb539378cca8", "fields": {"habit": "00000000-0000-0000-0000-000000000001", "completed_at": "2024-10-19T09:05:45.568Z"}}, {"model": "habit_tracker_app.habitcompletion", "pk": "b9cc3a07-1f92-4a9d-baa0-cde133b01681", "fields": {"habit": "52b1fd17-4b38-45a8-a1fe-dbf91d182a04", "completed_at": "2024-10-19T09:17:00.128Z"}}, {"model": "habit_tracker_app.habitcompletion", "pk": "bb1e388c-0790-4bc3-8046-730eb7978bca", "fields": {"habit": "00000000-0000-0000-0000-000000000005", "completed_at": "2024-10-10T18:11:17.245Z"}}, {"model": "habit_tracker_app.habitcompletion", "pk": "bc3241b4-b42c-40fd-a63d-aab62791d2e8", "fields": {"habit": "00000000-0000-0000-0000-000000000002", "completed_at": "2024-10-10T18:11:17.222Z"}}, {"model": "habit_tracker_app.habitcompletion", "pk": "c13b71bb-9671-445f-9d50-fd9704d26437", "fields": {"habit": "00000000-0000-0000-0000-00000000001a", "completed_at": "2024-10-11T13:16:30.947Z"}}, {"model": "habit_tracker_app.habitcompletion", "pk": "c1af15ef-aeac-4e49-99cf-d3bbf7756022", "fields": {"habit": "00000000-0000-0000-0000-000000000015", "completed_at": "2024-10-10T18:11:17.489Z"}}, {"model": "habit_tracker_app.habitcompletion", "pk": "c2f2a40e-5e6b-4e0d-9dae-f0a593054b03", "fields": {"habit": "00000000-0000-0000-0000-00000000000a", "completed_at": "2024-10-10T18:11:17.388Z"}}, {"model": "habit_tracker_app.habitcompletion", "pk": "c4825893-5d0a-440e-b8fe-8e104bfd0ffb", "fields": {"habit": "c95ade75-5893-449c-9e5d-b4a48f7981ee", "completed_at": "2024-10-12T09:13:44.620Z"}}, {"model": "habit_tracker_app.habitcompletion", "pk": "c7560ab0-bb65-49f4-a46a-2084d2b2d57b", "fields": {"habit": "292ba896-33c3-4a9d-9972-40ee1c314f7a", "completed_at": "2024-10-12T09:13:48.461Z"}}, {"model": "habit_tracker_app.habitcompletion", "pk": "c77b3277-bb58-4f05-b98b-e174d4daf4c3", "fields": {"habit": "00000000-0000-0000-0000-000000000011", "completed_at": "2024-10-10T18:11:17.176Z"}}, {"model": "habit_tracker_app.habitcompletion", "pk": "c7b4a7ad-728e-463c-b78b-b129c6270d50", "fields": {"habit": "292ba896-33c3-4a9d-9972-40ee1c314f7a", "completed_at": "2024-10-11T22:46:45.499Z"}}, {"model": "habit_tracker_app.habitcompletion", "pk": "c8256eb6-3eac-4855-b4f4-5728958de711", "fields": {"habit": "00000000-0000-0000-0000-00000000001a", "completed_at": "2024-10-11T13:16:27.063Z"}}, {"model": "habit_tracker_app.habitcompletion", "pk": "ca52ca8b-c9a2-4ca3-a0bb-4c61bee6bf29", "fields": {"habit": "00000000-0000-0000-0000-000000000010", "completed_at": "2024-10-10T18:11:16.978Z"}}, {"model": "habit_tracker_app.habitcompletion", "pk": "cb43ec8b-f25d-453c-b44a-2f9e4dd6dfa2", "fields": {"habit": "00000000-0000-0000-0000-000000000001", "completed_at": "2024-10-19T09:05:38.266Z"}}, {"model": "habit_tracker_app.habitcompletion", "pk": "cba4dc09-95b9-4a47-aadc-d83185f085ee", "fields": {"habit": "00000000-0000-0000-0000-000000000003", "completed_at": "2024-10-10T18:11:17.253Z"}}, {"model": "habit_tracker_app.habitcompletion", "pk": "cf3f8d71-5274-445c-820d-b9aaecb6a630", "fields": {"habit": "00000000-0000-0000-0000-000000000017", "completed_at": "2024-10-10T18:11:17.566Z"}}, {"model": "habit_tracker_app.habitcompletion", "pk": "cfea148c-4d57-404b-86f3-b87d88dcd39c", "fields": {"habit": "f0493743-9e6e-4f07-a383-de36baeab2d1", "completed_at": "2024-10-19T11:36:51.870Z"}}, {"model": "habit_tracker_app.habitcompletion", "pk": "d1a3bb06-9eab-4827-9b81-73fdbf8bd27c", "fields": {"habit": "00000000-0000-0000-0000-000000000001", "completed_at": "2024-10-10T18:11:17.116Z"}}, {"model": "habit_tracker_app.habitcompletion", "pk": "d1cbbc91-144a-4938-a268-8926728ed415", "fields": {"habit": "00000000-0000-0000-0000-000000000001", "completed_at": "2024-10-11T22:30:18.324Z"}}, {"model": "habit_tracker_app.habitcompletion", "pk": "d3894f7f-5c2e-4753-ae55-0bf696fcad4c", "fields": {"habit": "00000000-0000-0000-0000-000000000008", "completed_at": "2024-10-10T18:11:17.149Z"}}, {"model": "habit_tracker_app.habitcompletion", "pk": "d7ab0f90-fcdf-4eb7-a809-aa0ebef9ef9f", "fields": {"habit": "00000000-0000-0000-0000-000000000002", "completed_at": "2024-10-10T18:11:16.896Z"}}, {"model": "habit_tracker_app.habitcompletion", "pk": "d7ea6d77-aaa1-4f73-99cd-c5fe6c937081", "fields": {"habit": "6011d0f7-128e-4571-98ac-b4ffe36b19d5", "completed_at": "2024-10-19T10:03:42.673Z"}}, {"model": "habit_tracker_app.habitcompletion", "pk": "d917006a-193a-4cb8-b237-2908350ee7db", "fields": {"habit": "292ba896-33c3-4a9d-9972-40ee1c314f7a", "completed_at": "2024-10-11T13:41:12.395Z"}}, {"model": "habit_tracker_app.habitcompletion", "pk": "d91a06db-0627-42d1-b52b-5e0c0ce5bcb0", "fields": {"habit": "00000000-0000-0000-0000-000000000005", "completed_at": "2024-10-10T18:11:16.936Z"}}, {"model": "habit_tracker_app.habitcompletion", "pk": "d9b41ab9-e0b6-49d1-b17e-718966616732", "fields": {"habit": "00000000-0000-0000-0000-000000000008", "completed_at": "2024-10-10T18:11:17.026Z"}}, {"model": "habit_tracker_app.habitcompletion", "pk": "db1515bd-22ac-4697-82fe-cd76a556aa7b", "fields": {"habit": "6011d0f7-128e-4571-98ac-b4ffe36b19d5", "completed_at": "2024-10-19T10:03:42.269Z"}}, {"model": "habit_tracker_app.habitcompletion", "pk": "db327c61-67c6-4cda-91c0-3303e0da436b", "fields": {"habit": "00000000-0000-0000-0000-000000000003", "completed_at": "2024-10-10T18:11:17.017Z"}}, {"model": "habit_tracker_app.habitcompletion", "pk": "dc27c3d0-a83e-45b3-82c9-c935b330b8b4", "fields": {"habit": "00000000-0000-0000-0000-000000000001", "completed_at": "2024-10-10T18:11:17.056Z"}}, {"model": "habit_tracker_app.habitcompletion", "pk": "dc4d06bc-a8f5-4141-bb6e-63c66bd9e602", "fields": {"habit": "292ba896-33c3-4a9d-9972-40ee1c314f7a", "completed_at": "2024-10-11T22:46:48.519Z"}}, {"model": "habit_tracker_app.habitcompletion", "pk": "dc728ebc-550a-47df-9194-32ccf43e7571", "fields": {"habit": "c95ade75-5893-449c-9e5d-b4a48f7981ee", "completed_at": "2024-10-12T09:13:48.986Z"}}, {"model": "habit_tracker_app.habitcompletion", "pk": "e0965e21-bb47-4792-81cd-545d11b293dc", "fields": {"habit": "00000000-0000-0000-0000-000000000001", "completed_at": "2024-10-19T09:05:40.995Z"}}, {"model": "habit_tracker_app.habitcompletion", "pk": "e0969695-7f5c-436d-aa64-df59ad382e2c", "fields": {"habit": "52b1fd17-4b38-45a8-a1fe-dbf91d182a04", "completed_at": "2024-10-19T09:17:06.249Z"}}, {"model": "habit_tracker_app.habitcompletion", "pk": "e4332129-8a11-40de-97e5-61e777476a6d", "fields": {"habit": "00000000-0000-0000-0000-000000000001", "completed_at": "2024-10-19T09:05:45.157Z"}}, {"model": "habit_tracker_app.habitcompletion", "pk": "e55bb490-9e80-4321-bd44-017d77daf43a", "fields": {"habit": "00000000-0000-0000-0000-000000000014", "completed_at": "2024-10-10T18:11:17.620Z"}}, {"model": "habit_tracker_app.habitcompletion", "pk": "e62a5973-f89a-4a6b-8d08-233d4420b931", "fields": {"habit": "00000000-0000-0000-0000-00000000000b", "completed_at": "2024-10-10T18:11:17.591Z"}}, {"model": "habit_tracker_app.habitcompletion", "pk": "e82139b5-1b33-416d-bf9d-a78d7ee64c7a", "fields": {"habit": "00000000-0000-0000-0000-000000000007", "completed_at": "2024-10-10T18:11:17.213Z"}}, {"model": "habit_tracker_app.habitcompletion", "pk": "f0d75770-f77f-4950-bffa-bf03887e7a21", "fields": {"habit": "00000000-0000-0000-0000-000000000002", "completed_at": "2024-10-10T18:11:17.053Z"}}, {"model": "habit_tracker_app.habitcompletion", "pk": "f1986d9a-dc12-46a9-95db-a34ad0de0a48", "fields": {"habit": "00000000-0000-0000-0000-000000000006", "completed_at": "2024-10-10T18:11:16.906Z"}}, {"model": "habit_tracker_app.habitcompletion", "pk": "f2b55dc3-1049-4677-be68-ea198e031645", "fields": {"habit": "00000000-0000-0000-0000-000000000018", "completed_at": "2024-10-10T18:11:17.503Z"}}, {"model": "habit_tracker_app.habitcompletion", "pk": "f41a2bbd-bf05-4ba6-a813-eb1e8182b309", "fields": {"habit": "6011d0f7-128e-4571-98ac-b4ffe36b19d5", "completed_at": "2024-10-19T10:03:42.550Z"}}, {"model": "habit_tracker_app.habitcompletion", "pk": "f4d52cfa-9e5c-402e-b01a-48de573a0145", "fields": {"habit": "00000000-0000-0000-0000-000000000001", "completed_at": "2024-10-10T18:11:16.883Z"}}, {"model": "habit_tracker_app.habitcompletion", "pk": "f68a6f6a-d202-42f3-bd24-169c81b541fd", "fields": {"habit": "00000000-0000-0000-0000-00000000000a", "completed_at": "2024-10-10T18:11:17.099Z"}}, {"model": "habit_tracker_app.habitcompletion", "pk": "f7d11fc0-361b-4eb4-aa61-544d476d1875", "fields": {"habit": "52b1fd17-4b38-45a8-a1fe-dbf91d182a04", "completed_at": "2024-10-19T09:17:06.592Z"}}, {"model": "habit_tracker_app.habitcompletion", "pk": "f90a434f-86c4-49c2-9005-bbb11c152ebc", "fields": {"habit": "f0493743-9e6e-4f07-a383-de36baeab2d1", "completed_at": "2024-10-19T11:36:50.952Z"}}, {"model": "habit_tracker_app.habitcompletion", "pk": "fa738225-e4d4-4d85-a978-bc3f05d7a99a", "fields": {"habit": "00000000-0000-0000-0000-000000000013", "completed_at": "2024-10-10T18:11:17.086Z"}}, {"model": "habit_tracker_app.habitcompletion", "pk": "fc5fff57-0414-4920-91bf-46f3e08c5324", "fields": {"habit": "00000000-0000-0000-0000-00000000001a", "completed_at": "2024-10-11T13:16:24.829Z"}}, {"model": "habit_tracker_app.habitcompletion", "pk": "fd1e30a3-faa3-4709-8b7f-9712417f8ec1", "fields": {"habit": "00000000-0000-0000-0000-00000000000a", "completed_at": "2024-10-10T18:11:16.957Z"}}, {"model": "habit_tracker_app.habitcompletion", "pk": "fd4ddc46-2bc8-47fd-bb82-634208e8d8e0", "fields": {"habit": "c95ade75-5893-449c-9e5d-b4a48f7981ee", "completed_at": "2024-10-11T22:46:56.834Z"}}, {"model": "habit_tracker_app.habitcompletion", "pk": "fdb3ca51-8513-4a8c-98ed-6bd343b03223", "fields": {"habit": "52b1fd17-4b38-45a8-a1fe-dbf91d182a04", "completed_at": "2024-10-19T09:17:06.696Z"}}, {"model": "habit_tracker_app.habitcompletion", "pk": "ffbdf2cd-1de4-4b3e-9965-6900d18d4bc0", "fields": {"habit": "00000000-0000-0000-0000-000000000014", "completed_at": "2024-10-10T18:11:17.353Z"}}, {"model": "habit_tracker_app.habitstreak", "pk": 1, "fields": {"habit": "00000000-0000-0000-0000-000000000007", "current_streak": 3, "longest_streak": 3, "last_completed": "2024-10-10T18:11:17.633Z"}}, {"model": "habit_tracker_app.habitstreak", "pk": 2, "fields": {"habit": "00000000-0000-0000-0000-000000000001", "current_streak": 19, "longest_streak": 19, "last_completed": "2024-10-19T09:10:28.204Z"}}, {"model": "habit_tracker_app.habitstreak", "pk": 3, "fields": {"habit": "00000000-0000-0000-0000-000000000002", "current_streak": 5, "longest_streak": 5, "last_completed": "2024-10-10T18:11:17.563Z"}}, {"model": "habit_tracker_app.habitstreak", "pk": 4, "fields": {"habit": "00000000-0000-0000-0000-000000000006", "current_streak": 5, "longest_streak": 5, "last_completed": "2024-10-10T18:11:17.585Z"}}, {"model": "habit_tracker_app.habitstreak", "pk": 5, "fields": {"habit": "00000000-0000-0000-0000-00000000000b", "current_streak": 5, "longest_streak": 5, "last_completed": "2024-10-10T18:11:17.593Z"}}, {"model": "habit_tracker_app.habitstreak", "pk": 6, "fields": {"habit": "00000000-0000-0000-0000-000000000009", "current_streak": 5, "longest_streak": 5, "last_completed": "2024-10-10T18:11:17.466Z"}}, {"model": "habit_tracker_app.habitstreak", "pk": 7, "fields": {"habit": "00000000-0000-0000-0000-000000000005", "current_streak": 5, "longest_streak": 5, "last_completed": "2024-10-10T18:11:17.422Z"}}, {"model": "habit_tracker_app.habitstreak", "pk": 8, "fields": {"habit": "00000000-0000-0000-0000-000000000008", "current_streak": 5, "longest_streak": 5, "last_completed": "2024-10-10T18:11:17.478Z"}}, {"model": "habit_tracker_app.habitstreak", "pk": 9, "fields": {"habit": "00000000-0000-0000-0000-00000000000a", "current_streak": 2, "longest_streak": 2, "last_completed": "2024-10-10T18:11:17.541Z"}}, {"model": "habit_tracker_app.habitstreak", "pk": 10, "fields": {"habit": "00000000-0000-0000-0000-000000000014", "current_streak": 4, "longest_streak": 4, "last_completed": "2024-10-10T18:11:17.623Z"}}, {"model": "habit_tracker_app.habitstreak", "pk": 11, "fields": {"habit": "00000000-0000-0000-0000-000000000010", "current_streak": 4, "longest_streak": 4, "last_completed": "2024-10-10T18:11:17.613Z"}}, {"model": "habit_tracker_app.habitstreak", "pk": 12, "fields": {"habit": "00000000-0000-0000-0000-000000000011", "current_streak": 4, "longest_streak": 4, "last_completed": "2024-10-10T18:11:17.605Z"}}, {"model": "habit_tracker_app.habitstreak", "pk": 13, "fields": {"habit": "00000000-0000-0000-0000-000000000004", "current_streak": 4, "longest_streak": 4, "last_completed": "2024-10-10T18:11:17.435Z"}}, {"model": "habit_tracker_app.habitstreak", "pk": 14, "fields": {"habit": "00000000-0000-0000-0000-000000000003", "current_streak": 4, "longest_streak": 4, "last_completed": "2024-10-10T18:11:17.452Z"}}, {"model": "habit_tracker_app.habitstreak", "pk": 15, "fields": {"habit": "00000000-0000-0000-0000-00000000000f", "current_streak": 4, "longest_streak": 4, "last_completed": "2024-10-10T18:11:17.529Z"}}, {"model": "habit_tracker_app.habitstreak", "pk": 16, "fields": {"habit": "00000000-0000-0000-0000-000000000013", "current_streak": 4, "longest_streak": 4, "last_completed": "2024-10-10T18:11:17.553Z"}}, {"model": "habit_tracker_app.habitstreak", "pk": 17, "fields": {"habit": "00000000-0000-0000-0000-000000000015", "current_streak": 2, "longest_streak": 2, "last_completed": "2024-10-10T18:11:17.495Z"}}, {"model": "habit_tracker_app.habitstreak", "pk": 18, "fields": {"habit": "00000000-0000-0000-0000-000000000016", "current_streak": 1, "longest_streak": 1, "last_completed": "2024-10-10T18:11:17.410Z"}}, {"model": "habit_tracker_app.habitstreak", "pk": 19, "fields": {"habit": "00000000-0000-0000-0000-000000000018", "current_streak": 1, "longest_streak": 1, "last_completed": "2024-10-10T18:11:17.514Z"}}, {"model": "habit_tracker_app.habitstreak", "pk": 20, "fields": {"habit": "00000000-0000-0000-0000-000000000017", "current_streak": 1, "longest_streak": 1, "last_completed": "2024-10-10T18:11:17.576Z"}}, {"model": "habit_tracker_app.habitstreak", "pk": 21, "fields": {"habit": "00000000-0000-0000-0000-000000000012", "current_streak": 0, "longest_streak": 0, "last_completed": null}}, {"model": "habit_tracker_app.habitstreak", "pk": 22, "fields": {"habit": "00000000-0000-0000-0000-00000000001a", "current_streak": 4, "longest_streak": 4, "last_completed": "2024-10-11T13:16:30.951Z"}}, {"model": "habit_tracker_app.habitstreak", "pk": 23, "fields": {"habit": "292ba896-33c3-4a9d-9972-40ee1c314f7a", "current_streak": 14, "longest_streak": 14, "last_completed": "2024-10-12T09:13:48.466Z"}}, {"model": "habit_tracker_app.habitstreak", "pk": 24, "fields": {"habit": "c95ade75-5893-449c-9e5d-b4a48f7981ee", "current_streak": 11, "longest_streak": 11, "last_completed": "2024-10-12T09:13:52.891Z"}}, {"model": "habit_tracker_app.habitstreak", "pk": 25, "fields": {"habit": "52b1fd17-4b38-45a8-a1fe-dbf91d182a04", "current_streak": 19, "longest_streak": 19, "last_completed": "2024-10-19T09:42:04.985Z"}}, {"model": "habit_tracker_app.habitstreak", "pk": 26, "fields": {"habit": "6011d0f7-128e-4571-98ac-b4ffe36b19d5", "current_streak": 7, "longest_streak": 7, "last_completed": "2024-10-19T10:03:42.933Z"}}, {"model": "habit_tracker_app.habitstreak", "pk": 27, "fields": {"habit": "f0493743-9e6e-4f07-a383-de36baeab2d1", "current_streak": 11, "longest_streak": 11, "last_completed": "2024-10-19T11:36:52.282Z"}}]